userId,phone
2001,13900002001
2002,13900002002
2003,13900002003
2004,13900002004
2005,13900002005
2006,13900002006
2007,13900002007
2008,13900002008
2009,13900002009
2010,13900002010
2011,13900002011
2012,13900002012
2013,13900002013
2014,13900002014
2015,13900002015
2016,13900002016
2017,13900002017
2018,13900002018
2019,13900002019
2020,13900002020
2021,13900002021
2022,13900002022
2023,13900002023
2024,13900002024
2025,13900002025
2026,13900002026
2027,13900002027
2028,13900002028
2029,13900002029
2030,13900002030
2031,13900002031
2032,13900002032
2033,13900002033
2034,13900002034
2035,13900002035
2036,13900002036
2037,13900002037
2038,13900002038
2039,13900002039
2040,13900002040
2041,13900002041
2042,13900002042
2043,13900002043
2044,13900002044
2045,13900002045
2046,13900002046
2047,13900002047
2048,13900002048
2049,13900002049
2050,13900002050
2051,13900002051
2052,13900002052
2053,13900002053
2054,13900002054
2055,13900002055
2056,13900002056
2057,13900002057
2058,13900002058
2059,13900002059
2060,13900002060
2061,13900002061
2062,13900002062
2063,13900002063
2064,13900002064
2065,13900002065
2066,13900002066
2067,13900002067
2068,13900002068
2069,13900002069
2070,13900002070
2071,13900002071
2072,13900002072
2073,13900002073
2074,13900002074
2075,13900002075
2076,13900002076
2077,13900002077
2078,13900002078
2079,13900002079
2080,13900002080
2081,13900002081
2082,13900002082
2083,13900002083
2084,13900002084
2085,13900002085
2086,13900002086
2087,13900002087
2088,13900002088
2089,13900002089
2090,13900002090
2091,13900002091
2092,13900002092
2093,13900002093
2094,13900002094
2095,13900002095
2096,13900002096
2097,13900002097
2098,13900002098
2099,13900002099
2100,13900002100
2101,13900002101
2102,13900002102
2103,13900002103
2104,13900002104
2105,13900002105
2106,13900002106
2107,13900002107
2108,13900002108
2109,13900002109
2110,13900002110
2111,13900002111
2112,13900002112
2113,13900002113
2114,13900002114
2115,13900002115
2116,13900002116
2117,13900002117
2118,13900002118
2119,13900002119
2120,13900002120
2121,13900002121
2122,13900002122
2123,13900002123
2124,13900002124
2125,13900002125
2126,13900002126
2127,13900002127
2128,13900002128
2129,13900002129
2130,13900002130
2131,13900002131
2132,13900002132
2133,13900002133
2134,13900002134
2135,13900002135
2136,13900002136
2137,13900002137
2138,13900002138
2139,13900002139
2140,13900002140
2141,13900002141
2142,13900002142
2143,13900002143
2144,13900002144
2145,13900002145
2146,13900002146
2147,13900002147
2148,13900002148
2149,13900002149
2150,13900002150
2151,13900002151
2152,13900002152
2153,13900002153
2154,13900002154
2155,13900002155
2156,13900002156
2157,13900002157
2158,13900002158
2159,13900002159
2160,13900002160
2161,13900002161
2162,13900002162
2163,13900002163
2164,13900002164
2165,13900002165
2166,13900002166
2167,13900002167
2168,13900002168
2169,13900002169
2170,13900002170
2171,13900002171
2172,13900002172
2173,13900002173
2174,13900002174
2175,13900002175
2176,13900002176
2177,13900002177
2178,13900002178
2179,13900002179
2180,13900002180
2181,13900002181
2182,13900002182
2183,13900002183
2184,13900002184
2185,13900002185
2186,13900002186
2187,13900002187
2188,13900002188
2189,13900002189
2190,13900002190
2191,13900002191
2192,13900002192
2193,13900002193
2194,13900002194
2195,13900002195
2196,13900002196
2197,13900002197
2198,13900002198
2199,13900002199
2200,13900002200
2201,13900002201
2202,13900002202
2203,13900002203
2204,13900002204
2205,13900002205
2206,13900002206
2207,13900002207
2208,13900002208
2209,13900002209
2210,13900002210
2211,13900002211
2212,13900002212
2213,13900002213
2214,13900002214
2215,13900002215
2216,13900002216
2217,13900002217
2218,13900002218
2219,13900002219
2220,13900002220
2221,13900002221
2222,13900002222
2223,13900002223
2224,13900002224
2225,13900002225
2226,13900002226
2227,13900002227
2228,13900002228
2229,13900002229
2230,13900002230
2231,13900002231
2232,13900002232
2233,13900002233
2234,13900002234
2235,13900002235
2236,13900002236
2237,13900002237
2238,13900002238
2239,13900002239
2240,13900002240
2241,13900002241
2242,13900002242
2243,13900002243
2244,13900002244
2245,13900002245
2246,13900002246
2247,13900002247
2248,13900002248
2249,13900002249
2250,13900002250
2251,13900002251
2252,13900002252
2253,13900002253
2254,13900002254
2255,13900002255
2256,13900002256
2257,13900002257
2258,13900002258
2259,13900002259
2260,13900002260
2261,13900002261
2262,13900002262
2263,13900002263
2264,13900002264
2265,13900002265
2266,13900002266
2267,13900002267
2268,13900002268
2269,13900002269
2270,13900002270
2271,13900002271
2272,13900002272
2273,13900002273
2274,13900002274
2275,13900002275
2276,13900002276
2277,13900002277
2278,13900002278
2279,13900002279
2280,13900002280
2281,13900002281
2282,13900002282
2283,13900002283
2284,13900002284
2285,13900002285
2286,13900002286
2287,13900002287
2288,13900002288
2289,13900002289
2290,13900002290
2291,13900002291
2292,13900002292
2293,13900002293
2294,13900002294
2295,13900002295
2296,13900002296
2297,13900002297
2298,13900002298
2299,13900002299
2300,13900002300
2301,13900002301
2302,13900002302
2303,13900002303
2304,13900002304
2305,13900002305
2306,13900002306
2307,13900002307
2308,13900002308
2309,13900002309
2310,13900002310
2311,13900002311
2312,13900002312
2313,13900002313
2314,13900002314
2315,13900002315
2316,13900002316
2317,13900002317
2318,13900002318
2319,13900002319
2320,13900002320
2321,13900002321
2322,13900002322
2323,13900002323
2324,13900002324
2325,13900002325
2326,13900002326
2327,13900002327
2328,13900002328
2329,13900002329
2330,13900002330
2331,13900002331
2332,13900002332
2333,13900002333
2334,13900002334
2335,13900002335
2336,13900002336
2337,13900002337
2338,13900002338
2339,13900002339
2340,13900002340
2341,13900002341
2342,13900002342
2343,13900002343
2344,13900002344
2345,13900002345
2346,13900002346
2347,13900002347
2348,13900002348
2349,13900002349
2350,13900002350
2351,13900002351
2352,13900002352
2353,13900002353
2354,13900002354
2355,13900002355
2356,13900002356
2357,13900002357
2358,13900002358
2359,13900002359
2360,13900002360
2361,13900002361
2362,13900002362
2363,13900002363
2364,13900002364
2365,13900002365
2366,13900002366
2367,13900002367
2368,13900002368
2369,13900002369
2370,13900002370
2371,13900002371
2372,13900002372
2373,13900002373
2374,13900002374
2375,13900002375
2376,13900002376
2377,13900002377
2378,13900002378
2379,13900002379
2380,13900002380
2381,13900002381
2382,13900002382
2383,13900002383
2384,13900002384
2385,13900002385
2386,13900002386
2387,13900002387
2388,13900002388
2389,13900002389
2390,13900002390
2391,13900002391
2392,13900002392
2393,13900002393
2394,13900002394
2395,13900002395
2396,13900002396
2397,13900002397
2398,13900002398
2399,13900002399
2400,13900002400
2401,13900002401
2402,13900002402
2403,13900002403
2404,13900002404
2405,13900002405
2406,13900002406
2407,13900002407
2408,13900002408
2409,13900002409
2410,13900002410
2411,13900002411
2412,13900002412
2413,13900002413
2414,13900002414
2415,13900002415
2416,13900002416
2417,13900002417
2418,13900002418
2419,13900002419
2420,13900002420
2421,13900002421
2422,13900002422
2423,13900002423
2424,13900002424
2425,13900002425
2426,13900002426
2427,13900002427
2428,13900002428
2429,13900002429
2430,13900002430
2431,13900002431
2432,13900002432
2433,13900002433
2434,13900002434
2435,13900002435
2436,13900002436
2437,13900002437
2438,13900002438
2439,13900002439
2440,13900002440
2441,13900002441
2442,13900002442
2443,13900002443
2444,13900002444
2445,13900002445
2446,13900002446
2447,13900002447
2448,13900002448
2449,13900002449
2450,13900002450
2451,13900002451
2452,13900002452
2453,13900002453
2454,13900002454
2455,13900002455
2456,13900002456
2457,13900002457
2458,13900002458
2459,13900002459
2460,13900002460
2461,13900002461
2462,13900002462
2463,13900002463
2464,13900002464
2465,13900002465
2466,13900002466
2467,13900002467
2468,13900002468
2469,13900002469
2470,13900002470
2471,13900002471
2472,13900002472
2473,13900002473
2474,13900002474
2475,13900002475
2476,13900002476
2477,13900002477
2478,13900002478
2479,13900002479
2480,13900002480
2481,13900002481
2482,13900002482
2483,13900002483
2484,13900002484
2485,13900002485
2486,13900002486
2487,13900002487
2488,13900002488
2489,13900002489
2490,13900002490
2491,13900002491
2492,13900002492
2493,13900002493
2494,13900002494
2495,13900002495
2496,13900002496
2497,13900002497
2498,13900002498
2499,13900002499
2500,13900002500
2501,13900002501
2502,13900002502
2503,13900002503
2504,13900002504
2505,13900002505
2506,13900002506
2507,13900002507
2508,13900002508
2509,13900002509
2510,13900002510
2511,13900002511
2512,13900002512
2513,13900002513
2514,13900002514
2515,13900002515
2516,13900002516
2517,13900002517
2518,13900002518
2519,13900002519
2520,13900002520
2521,13900002521
2522,13900002522
2523,13900002523
2524,13900002524
2525,13900002525
2526,13900002526
2527,13900002527
2528,13900002528
2529,13900002529
2530,13900002530
2531,13900002531
2532,13900002532
2533,13900002533
2534,13900002534
2535,13900002535
2536,13900002536
2537,13900002537
2538,13900002538
2539,13900002539
2540,13900002540
2541,13900002541
2542,13900002542
2543,13900002543
2544,13900002544
2545,13900002545
2546,13900002546
2547,13900002547
2548,13900002548
2549,13900002549
2550,13900002550
2551,13900002551
2552,13900002552
2553,13900002553
2554,13900002554
2555,13900002555
2556,13900002556
2557,13900002557
2558,13900002558
2559,13900002559
2560,13900002560
2561,13900002561
2562,13900002562
2563,13900002563
2564,13900002564
2565,13900002565
2566,13900002566
2567,13900002567
2568,13900002568
2569,13900002569
2570,13900002570
2571,13900002571
2572,13900002572
2573,13900002573
2574,13900002574
2575,13900002575
2576,13900002576
2577,13900002577
2578,13900002578
2579,13900002579
2580,13900002580
2581,13900002581
2582,13900002582
2583,13900002583
2584,13900002584
2585,13900002585
2586,13900002586
2587,13900002587
2588,13900002588
2589,13900002589
2590,13900002590
2591,13900002591
2592,13900002592
2593,13900002593
2594,13900002594
2595,13900002595
2596,13900002596
2597,13900002597
2598,13900002598
2599,13900002599
2600,13900002600
2601,13900002601
2602,13900002602
2603,13900002603
2604,13900002604
2605,13900002605
2606,13900002606
2607,13900002607
2608,13900002608
2609,13900002609
2610,13900002610
2611,13900002611
2612,13900002612
2613,13900002613
2614,13900002614
2615,13900002615
2616,13900002616
2617,13900002617
2618,13900002618
2619,13900002619
2620,13900002620
2621,13900002621
2622,13900002622
2623,13900002623
2624,13900002624
2625,13900002625
2626,13900002626
2627,13900002627
2628,13900002628
2629,13900002629
2630,13900002630
2631,13900002631
2632,13900002632
2633,13900002633
2634,13900002634
2635,13900002635
2636,13900002636
2637,13900002637
2638,13900002638
2639,13900002639
2640,13900002640
2641,13900002641
2642,13900002642
2643,13900002643
2644,13900002644
2645,13900002645
2646,13900002646
2647,13900002647
2648,13900002648
2649,13900002649
2650,13900002650
2651,13900002651
2652,13900002652
2653,13900002653
2654,13900002654
2655,13900002655
2656,13900002656
2657,13900002657
2658,13900002658
2659,13900002659
2660,13900002660
2661,13900002661
2662,13900002662
2663,13900002663
2664,13900002664
2665,13900002665
2666,13900002666
2667,13900002667
2668,13900002668
2669,13900002669
2670,13900002670
2671,13900002671
2672,13900002672
2673,13900002673
2674,13900002674
2675,13900002675
2676,13900002676
2677,13900002677
2678,13900002678
2679,13900002679
2680,13900002680
2681,13900002681
2682,13900002682
2683,13900002683
2684,13900002684
2685,13900002685
2686,13900002686
2687,13900002687
2688,13900002688
2689,13900002689
2690,13900002690
2691,13900002691
2692,13900002692
2693,13900002693
2694,13900002694
2695,13900002695
2696,13900002696
2697,13900002697
2698,13900002698
2699,13900002699
2700,13900002700
2701,13900002701
2702,13900002702
2703,13900002703
2704,13900002704
2705,13900002705
2706,13900002706
2707,13900002707
2708,13900002708
2709,13900002709
2710,13900002710
2711,13900002711
2712,13900002712
2713,13900002713
2714,13900002714
2715,13900002715
2716,13900002716
2717,13900002717
2718,13900002718
2719,13900002719
2720,13900002720
2721,13900002721
2722,13900002722
2723,13900002723
2724,13900002724
2725,13900002725
2726,13900002726
2727,13900002727
2728,13900002728
2729,13900002729
2730,13900002730
2731,13900002731
2732,13900002732
2733,13900002733
2734,13900002734
2735,13900002735
2736,13900002736
2737,13900002737
2738,13900002738
2739,13900002739
2740,13900002740
2741,13900002741
2742,13900002742
2743,13900002743
2744,13900002744
2745,13900002745
2746,13900002746
2747,13900002747
2748,13900002748
2749,13900002749
2750,13900002750
2751,13900002751
2752,13900002752
2753,13900002753
2754,13900002754
2755,13900002755
2756,13900002756
2757,13900002757
2758,13900002758
2759,13900002759
2760,13900002760
2761,13900002761
2762,13900002762
2763,13900002763
2764,13900002764
2765,13900002765
2766,13900002766
2767,13900002767
2768,13900002768
2769,13900002769
2770,13900002770
2771,13900002771
2772,13900002772
2773,13900002773
2774,13900002774
2775,13900002775
2776,13900002776
2777,13900002777
2778,13900002778
2779,13900002779
2780,13900002780
2781,13900002781
2782,13900002782
2783,13900002783
2784,13900002784
2785,13900002785
2786,13900002786
2787,13900002787
2788,13900002788
2789,13900002789
2790,13900002790
2791,13900002791
2792,13900002792
2793,13900002793
2794,13900002794
2795,13900002795
2796,13900002796
2797,13900002797
2798,13900002798
2799,13900002799
2800,13900002800
2801,13900002801
2802,13900002802
2803,13900002803
2804,13900002804
2805,13900002805
2806,13900002806
2807,13900002807
2808,13900002808
2809,13900002809
2810,13900002810
2811,13900002811
2812,13900002812
2813,13900002813
2814,13900002814
2815,13900002815
2816,13900002816
2817,13900002817
2818,13900002818
2819,13900002819
2820,13900002820
2821,13900002821
2822,13900002822
2823,13900002823
2824,13900002824
2825,13900002825
2826,13900002826
2827,13900002827
2828,13900002828
2829,13900002829
2830,13900002830
2831,13900002831
2832,13900002832
2833,13900002833
2834,13900002834
2835,13900002835
2836,13900002836
2837,13900002837
2838,13900002838
2839,13900002839
2840,13900002840
2841,13900002841
2842,13900002842
2843,13900002843
2844,13900002844
2845,13900002845
2846,13900002846
2847,13900002847
2848,13900002848
2849,13900002849
2850,13900002850
2851,13900002851
2852,13900002852
2853,13900002853
2854,13900002854
2855,13900002855
2856,13900002856
2857,13900002857
2858,13900002858
2859,13900002859
2860,13900002860
2861,13900002861
2862,13900002862
2863,13900002863
2864,13900002864
2865,13900002865
2866,13900002866
2867,13900002867
2868,13900002868
2869,13900002869
2870,13900002870
2871,13900002871
2872,13900002872
2873,13900002873
2874,13900002874
2875,13900002875
2876,13900002876
2877,13900002877
2878,13900002878
2879,13900002879
2880,13900002880
2881,13900002881
2882,13900002882
2883,13900002883
2884,13900002884
2885,13900002885
2886,13900002886
2887,13900002887
2888,13900002888
2889,13900002889
2890,13900002890
2891,13900002891
2892,13900002892
2893,13900002893
2894,13900002894
2895,13900002895
2896,13900002896
2897,13900002897
2898,13900002898
2899,13900002899
2900,13900002900
2901,13900002901
2902,13900002902
2903,13900002903
2904,13900002904
2905,13900002905
2906,13900002906
2907,13900002907
2908,13900002908
2909,13900002909
2910,13900002910
2911,13900002911
2912,13900002912
2913,13900002913
2914,13900002914
2915,13900002915
2916,13900002916
2917,13900002917
2918,13900002918
2919,13900002919
2920,13900002920
2921,13900002921
2922,13900002922
2923,13900002923
2924,13900002924
2925,13900002925
2926,13900002926
2927,13900002927
2928,13900002928
2929,13900002929
2930,13900002930
2931,13900002931
2932,13900002932
2933,13900002933
2934,13900002934
2935,13900002935
2936,13900002936
2937,13900002937
2938,13900002938
2939,13900002939
2940,13900002940
2941,13900002941
2942,13900002942
2943,13900002943
2944,13900002944
2945,13900002945
2946,13900002946
2947,13900002947
2948,13900002948
2949,13900002949
2950,13900002950
2951,13900002951
2952,13900002952
2953,13900002953
2954,13900002954
2955,13900002955
2956,13900002956
2957,13900002957
2958,13900002958
2959,13900002959
2960,13900002960
2961,13900002961
2962,13900002962
2963,13900002963
2964,13900002964
2965,13900002965
2966,13900002966
2967,13900002967
2968,13900002968
2969,13900002969
2970,13900002970
2971,13900002971
2972,13900002972
2973,13900002973
2974,13900002974
2975,13900002975
2976,13900002976
2977,13900002977
2978,13900002978
2979,13900002979
2980,13900002980
2981,13900002981
2982,13900002982
2983,13900002983
2984,13900002984
2985,13900002985
2986,13900002986
2987,13900002987
2988,13900002988
2989,13900002989
2990,13900002990
2991,13900002991
2992,13900002992
2993,13900002993
2994,13900002994
2995,13900002995
2996,13900002996
2997,13900002997
2998,13900002998
2999,13900002999
3000,13900003000
